run_id,run_path,generation,arm,seed,M1_acc_seen,M1_acc_unseen,M1_gap,M2_cv,M2_dead,M2_cv_multitask_only,M3_align,M3_purity,M3_align_1step,M3_align_best_s,M3_closed_map_error,M3_closed_map_coverage,M3_closed_map_error_matched,M4_routing_acc_seen,M4_routing_acc_unseen,M5_entropy,M5_dead,M6_soft_hard_gap,M7_drift_step1,M7_acc_teacher_forced,M7_recovery,acc_singleton,acc_ablate_all,params_composer,params_atoms_total,params_encoder,params_decoder,composer_over_atoms
A0_0_s1234_b017073,C:\Users\donal\Documents\Atom-Experiment\runs\v2\A0_0_s1234_b017073,v2,A0,0,1.0,1.0,0.0,0.11463007278396863,1,0.11463007278396863,1.0,1.0,1.0,1.0,0.002559235517765046,8,0.002559235517765046,1.0,1.0,1.0,1,0.0,0.003080555982887745,1.0,0.0,1.0,0.0625,29376,2103552,51136,50762,0.013964950711938665
A0_0_s5678_b017073,C:\Users\donal\Documents\Atom-Experiment\runs\v2\A0_0_s5678_b017073,v2,A0,0,1.0,1.0,0.0,0.1145407697412528,1,0.1145407697412528,1.0,1.0,1.0,1.0,0.010576862681773491,8,0.010576862681773491,1.0,1.0,1.0,1,0.0,0.011561284475028516,1.0,0.0,1.0,0.0625,29376,2103552,51136,50762,0.013964950711938665
A0_0_s9012_b017073,C:\Users\donal\Documents\Atom-Experiment\runs\v2\A0_0_s9012_b017073,v2,A0,0,1.0,1.0,0.0,0.11454065099471734,1,0.11454065099471734,1.0,1.0,1.0,1.0,0.003850427965517156,8,0.003850427965517156,1.0,1.0,1.0,1,0.0,0.00481928177177906,1.0,0.0,1.0,0.0625,29376,2103552,51136,50762,0.013964950711938665
A0_1_s1234_b017073,C:\Users\donal\Documents\Atom-Experiment\runs\v2\A0_1_s1234_b017073,v2,A0,1,1.0,1.0,0.0,0.11463007278396863,1,0.11463007278396863,1.0,1.0,1.0,1.0,0.002461923042574199,8,0.002461923042574199,1.0,1.0,1.0,1,0.0,0.0030218842175478732,1.0,0.0,1.0,0.0625,29376,2103552,51136,50762,0.013964950711938665
A0_1_s5678_b017073,C:\Users\donal\Documents\Atom-Experiment\runs\v2\A0_1_s5678_b017073,v2,A0,1,1.0,1.0,0.0,0.1145407697412528,1,0.1145407697412528,1.0,1.0,1.0,1.0,0.004110873589524999,8,0.004110873589524999,1.0,1.0,1.0,1,0.0,0.004708268148824573,1.0,0.0,1.0,0.0625,29376,2103552,51136,50762,0.013964950711938665
A0_1_s9012_b017073,C:\Users\donal\Documents\Atom-Experiment\runs\v2\A0_1_s9012_b017073,v2,A0,1,1.0,0.9998958333333333,0.00010416666666668295,0.11462975292567665,1,0.11462975292567665,1.0,1.0,1.0,1.0,0.0024392798623011913,8,0.0024392798623011913,1.0,1.0,1.0,1,0.0,0.0032262635541458924,0.9998958333333334,0.0,1.0,0.0625,29376,2103552,51136,50762,0.013964950711938665
A0_2_s1234_b017073,C:\Users\donal\Documents\Atom-Experiment\runs\v2\A0_2_s1234_b017073,v2,A0,2,1.0,1.0,0.0,0.11463007278396863,1,0.11463007278396863,1.0,1.0,1.0,1.0,0.002911183872129186,8,0.002911183872129186,1.0,1.0,1.0,1,0.0,0.0036674368443588416,1.0,0.0,1.0,0.0625,29376,2103552,51136,50762,0.013964950711938665
A0_2_s5678_b017073,C:\Users\donal\Documents\Atom-Experiment\runs\v2\A0_2_s5678_b017073,v2,A0,2,1.0,1.0,0.0,0.1145407697412528,1,0.1145407697412528,0.9993750005960464,0.9993750005960464,0.9993750005960464,0.9993750005960464,0.0014667070454379427,8,0.0014667070454379427,1.0,1.0,1.0,1,0.0,0.001667742921660344,1.0,0.0,1.0,0.0625,29376,2103552,51136,50762,0.013964950711938665
A0_2_s9012_b017073,C:\Users\donal\Documents\Atom-Experiment\runs\v2\A0_2_s9012_b017073,v2,A0,2,1.0,1.0,0.0,0.11454065099471734,1,0.11454065099471734,1.0,1.0,1.0,1.0,0.0024432923692074837,8,0.0024432923692074837,1.0,1.0,1.0,1,0.0,0.0031438012327998873,1.0,0.0,1.0,0.0625,29376,2103552,51136,50762,0.013964950711938665
A1_0_s1234_b017073,C:\Users\donal\Documents\Atom-Experiment\runs\v2\A1_0_s1234_b017073,v2,A1,0,0.7415625,0.00010416666666666667,0.7414583333333333,0.851768554716918,0,0.9734497768193349,0.3156250028987415,0.29343750356929377,0.12062499998137355,0.8796875048428774,1.1272819191217422,1,1.6217618584632874,0.41228125,0.49807291666666664,0.9414324857936548,0,0.0,1.6329204591115316,0.11989583333333335,0.11979166666666669,0.925,0.0116796875,29376,2103552,51136,50762,0.013964950711938665
A1_0_s5678_b017073,C:\Users\donal\Documents\Atom-Experiment\runs\v2\A1_0_s5678_b017073,v2,A1,0,0.4084375,0.0,0.4084375,1.225420991749321,1,1.225420991749321,0.5481250062584877,0.5481250062584877,0.09406250237952918,0.6965625025331974,0.7547010704874992,1,1.4231948181986809,0.54928125,0.5172916666666667,0.8726797109895366,1,0.0,1.5450840123494467,0.017083333333333336,0.017083333333333336,0.723125,0.012148437500000001,29376,2103552,51136,50762,0.013964950711938665
A1_0_s9012_b017073,C:\Users\donal\Documents\Atom-Experiment\runs\v2\A1_0_s9012_b017073,v2,A1,0,0.1559375,0.0003125,0.155625,1.9950752010785933,3,1.9950752010785933,0.08031250082422048,0.07562500098720193,0.022812500596046448,0.30718750203959644,0.6296827457845211,1,1.3384000733494759,0.275,0.125,0.7625684055772665,3,0.0,1.5161836274464926,0.012395833333333333,0.012083333333333333,0.278125,3.90625e-05,29376,2103552,51136,50762,0.013964950711938665
A1_1_s1234_b017073,C:\Users\donal\Documents\Atom-Experiment\runs\v2\A1_1_s1234_b017073,v2,A1,1,0.40675,0.0003125,0.4064375,1.5796819758770475,2,1.5796819758770475,0.3003124970709905,0.28249999723630026,0.20593749679392204,0.7440624944865704,0.723827401176095,1,1.3883774559944868,0.47496875,0.3147916666666667,0.854720335989006,2,0.0,1.533969291051229,0.09322916666666665,0.09291666666666666,0.606875,0.042421875,29376,2103552,51136,50762,0.013964950711938665
A1_1_s5678_b017073,C:\Users\donal\Documents\Atom-Experiment\runs\v2\A1_1_s5678_b017073,v2,A1,1,0.813125,0.0005208333333333333,0.8126041666666667,0.9364928360607061,0,0.9364928360607061,0.2890625,0.2821875000372529,0.16999999905237928,0.9134375005960464,1.1355448812246323,1,1.6311491653323174,0.3125,0.14583333333333334,0.9729112210546395,0,0.0,1.6902322800954181,0.12041666666666666,0.11989583333333333,0.935625,0.011953124999999998,29376,2103552,51136,50762,0.013964950711938665
A1_1_s9012_b017073,C:\Users\donal\Documents\Atom-Experiment\runs\v2\A1_1_s9012_b017073,v2,A1,1,0.641,0.00020833333333333335,0.6407916666666666,1.0348166221336537,0,1.0348166221336537,0.2731249980861321,0.2731249980861321,0.07593749981606379,0.9256250075995922,1.045263223350048,1,1.5983582139015198,0.3,0.16666666666666666,0.9508446706922832,0,0.0,1.6025028006235758,0.015104166666666669,0.014895833333333336,0.9859375,0.0009765625,29376,2103552,51136,50762,0.013964950711938665
A1_2_s1234_b017073,C:\Users\donal\Documents\Atom-Experiment\runs\v2\A1_2_s1234_b017073,v2,A1,2,0.4025625,0.000625,0.4019375,1.114781717107782,4,1.114781717107782,0.6843749983236194,0.6765624983236194,0.3087500043329783,0.7662500021979213,0.9068063609302044,1,1.4486049227416515,0.70196875,0.7184375,0.8419142281126776,4,0.0,1.6444226678212484,0.02729166666666667,0.02666666666666667,0.5390625,0.061171875,29376,2103552,51136,50762,0.013964950711938665
A1_2_s5678_b017073,C:\Users\donal\Documents\Atom-Experiment\runs\v2\A1_2_s5678_b017073,v2,A1,2,0.3396875,0.00010416666666666667,0.3395833333333333,1.3927725282907382,2,1.3927725282907382,0.6178125028964132,0.6050000030081719,0.016562499688006938,0.6271875025704503,0.7836539372801781,1,1.410798840224743,0.72584375,0.5225520833333334,0.8503920588327055,2,0.0,1.5577941926320393,0.008125,0.008020833333333333,0.5828125,0.0,29376,2103552,51136,50762,0.013964950711938665
A1_2_s9012_b017073,C:\Users\donal\Documents\Atom-Experiment\runs\v2\A1_2_s9012_b017073,v2,A1,2,0.627,0.0,0.627,1.089537660055544,1,1.089537660055544,0.33093750377884135,0.33062500378582627,0.16374999476829544,0.8875000029802322,0.8140791095793247,1,1.4192297123372555,0.18471875,0.0190625,0.9286843039799924,1,0.0,1.5610437870025635,0.1346875,0.1346875,0.7375,0.0,29376,2103552,51136,50762,0.013964950711938665
A2_0_s1234_b017073,C:\Users\donal\Documents\Atom-Experiment\runs\v2\A2_0_s1234_b017073,v2,A2,0,0.6194375,0.0003125,0.6191249999999999,0.9476681383346339,0,0.9476681383346339,0.5150000005960464,0.5056250002235174,0.03687500045634806,0.9009375050663948,0.9935826882719994,1,1.50930517911911,0.625,0.4585416666666667,0.9682160534610839,0,0.0,1.6246467463175456,0.029895833333333333,0.029583333333333333,0.7796875,0.0001953125,29376,2103552,51136,50762,0.013964950711938665
A2_0_s5678_b017073,C:\Users\donal\Documents\Atom-Experiment\runs\v2\A2_0_s5678_b017073,v2,A2,0,0.497875,0.0,0.497875,1.015229193288349,0,1.1602619351866845,0.8303125016391277,0.8296875016530976,0.04812500032130629,0.9468750059604645,0.9282485023140907,1,1.4944158121943474,0.77859375,0.7338020833333333,0.9291425272329742,0,0.0,1.5635089174906414,0.03177083333333334,0.03177083333333334,0.875,0.0001171875,29376,2103552,51136,50762,0.013964950711938665
A2_0_s9012_b017073,C:\Users\donal\Documents\Atom-Experiment\runs\v2\A2_0_s9012_b017073,v2,A2,0,0.422375,0.00020833333333333335,0.4221666666666667,1.162884578824708,0,1.162884578824708,0.8568750023841858,0.8565625023911707,0.058749999618157744,0.9731250032782555,0.8628832474350929,1,1.462511196732521,0.60959375,0.601875,0.9155430216438998,0,0.0,1.5905809593200686,0.033854166666666664,0.03364583333333333,0.9590625,0.00015625,29376,2103552,51136,50762,0.013964950711938665
A2_1_s1234_b017073,C:\Users\donal\Documents\Atom-Experiment\runs\v2\A2_1_s1234_b017073,v2,A2,1,0.428875,0.00010416666666666667,0.4287708333333333,1.185485541945851,0,1.185485541945851,0.5450000050477684,0.5450000050477684,0.06437499972525984,0.8046875055879354,1.03210961073637,1,1.4966471195220947,0.65734375,0.46796875,0.8795156270025468,0,0.0,1.5577756786346437,0.04197916666666667,0.041875,0.5753125,0.00046875000000000004,29376,2103552,51136,50762,0.013964950711938665
A2_1_s5678_b017073,C:\Users\donal\Documents\Atom-Experiment\runs\v2\A2_1_s5678_b017073,v2,A2,1,0.5565625,0.0004166666666666667,0.5561458333333333,1.076526703390364,0,1.076526703390364,0.6203125019092113,0.6103125021327287,0.06593749893363565,0.8603125046938658,0.9574888646602631,1,1.5035088285803795,0.61959375,0.5509375,0.9411176457159536,0,0.00010416666666666663,1.5795080757141113,0.01625,0.015833333333333335,0.751875,0.0005078125,29376,2103552,51136,50762,0.013964950711938665
A2_1_s9012_b017073,C:\Users\donal\Documents\Atom-Experiment\runs\v2\A2_1_s9012_b017073,v2,A2,1,0.3975,0.00010416666666666667,0.39739583333333334,1.2578006618362618,0,1.2578006618362618,0.7131249997764826,0.7115624998114072,0.06281250080792233,0.9624999985098839,0.8812806084752083,1,1.4561418145895004,0.53359375,0.3745833333333333,0.9154676635792487,0,0.00010416666666666667,1.5508412679036458,0.021770833333333336,0.02166666666666667,0.8671875,7.8125e-05,29376,2103552,51136,50762,0.013964950711938665
A2_2_s1234_b017073,C:\Users\donal\Documents\Atom-Experiment\runs\v2\A2_2_s1234_b017073,v2,A2,2,0.4935,0.00020833333333333335,0.4932916666666667,1.1677726641401331,1,1.1677726641401331,0.5809374938253313,0.579687493853271,0.053749998623970896,0.8118750026915222,0.9905147701501846,1,1.5179401487112045,0.5555625,0.59234375,0.9095793759921694,1,0.0,1.5938530445098875,0.03166666666666667,0.03145833333333334,0.55875,0.000390625,29376,2103552,51136,50762,0.013964950711938665
A2_2_s5678_b017073,C:\Users\donal\Documents\Atom-Experiment\runs\v2\A2_2_s5678_b017073,v2,A2,2,0.563,0.00010416666666666667,0.5628958333333333,0.8919378547944181,0,1.019357548336478,0.7750000025262125,0.7750000025262125,0.05843750009080395,0.8565624989569187,0.9838291630148888,1,1.508698731660843,0.73028125,0.5847395833333333,0.9373251940470799,0,0.0,1.5911855697631836,0.04010416666666667,0.04,0.7575,0.0003125,29376,2103552,51136,50762,0.013964950711938665
A2_2_s9012_b017073,C:\Users\donal\Documents\Atom-Experiment\runs\v2\A2_2_s9012_b017073,v2,A2,2,0.410375,0.0,0.410375,1.2053917760460153,0,1.2053917760460153,0.559062501648441,0.5571875016903505,0.04250000021420419,0.7146874917671084,0.991873636841774,1,1.5252354368567467,0.73353125,0.7865625,0.9554133908134533,0,0.00010416666666666667,1.591327969233195,0.041354166666666664,0.041354166666666664,0.6140625,7.8125e-05,29376,2103552,51136,50762,0.013964950711938665
A3_0_s1234_b017073,C:\Users\donal\Documents\Atom-Experiment\runs\v2\A3_0_s1234_b017073,v2,A3,0,0.6688125,0.0,0.6688125,1.0741594578425857,0,1.0741594578425857,0.9253125004470348,0.9253125004470348,0.003749999974388629,0.9568750038743019,0.5723504777997732,1,0.7225276436656713,0.72578125,0.6082291666666667,0.9634261722239525,0,0.0,0.7923559888203938,0.0,0.0,0.9640625,0.0,29376,2103552,51136,50762,0.013964950711938665
A3_0_s5678_b017073,C:\Users\donal\Documents\Atom-Experiment\runs\v2\A3_0_s5678_b017073,v2,A3,0,0.786125,0.0,0.786125,0.9828135921196175,0,0.9828135921196175,0.7590625011362135,0.7590625011362135,0.009375000023283064,0.9368750005960464,0.633623905479908,1,0.7580702789127827,0.7396875,0.8510416666666667,0.9684822634916121,0,0.0,0.7236155009269715,0.004583333333333333,0.004583333333333333,0.9059375,0.0,29376,2103552,51136,50762,0.013964950711938665
A3_0_s9012_b017073,C:\Users\donal\Documents\Atom-Experiment\runs\v2\A3_0_s9012_b017073,v2,A3,0,0.6379375,0.0,0.6379375,1.3274008120528449,0,1.3274008120528449,0.8618750053574331,0.8618750053574331,0.014999999664723873,0.9906250089406967,0.55938202701509,1,0.7433304097503424,0.74284375,0.7544791666666667,0.9480412279144049,0,0.0,0.8305899930000304,0.0032291666666666666,0.0032291666666666666,0.7878125,0.0,29376,2103552,51136,50762,0.013964950711938665
A3_1_s1234_b017073,C:\Users\donal\Documents\Atom-Experiment\runs\v2\A3_1_s1234_b017073,v2,A3,1,0.8419375,0.001875,0.8400625,0.8934610406364843,0,0.8934610406364843,0.8293749990989454,0.8293749990989454,0.2540625016554259,0.9987500011920929,0.4602554850280285,1,0.6029214560985565,0.77509375,0.81125,0.9968264805561567,0,-0.001875,0.651769343217214,0.2197916666666667,0.2179166666666667,0.9521875,3.90625e-05,29376,2103552,51136,50762,0.013964950711938665
A3_1_s5678_b017073,C:\Users\donal\Documents\Atom-Experiment\runs\v2\A3_1_s5678_b017073,v2,A3,1,0.7995625,0.0,0.7995625,0.9447670989413184,0,0.9447670989413184,0.7159375038463622,0.7156250038533472,0.010000000067520887,0.9975000023841858,0.4807489700615406,1,0.5566533654928207,0.835375,0.7940104166666667,0.9893568674691424,0,0.0,0.5731365672747294,0.008125,0.008125,0.9965625,0.0,29376,2103552,51136,50762,0.013964950711938665
A3_1_s9012_b017073,C:\Users\donal\Documents\Atom-Experiment\runs\v2\A3_1_s9012_b017073,v2,A3,1,0.540875,0.0,0.540875,1.4313034345295033,0,1.4313034345295033,0.48343750211643055,0.48343750211643055,0.0228125000721775,0.8468750026077032,0.44744671136140823,1,0.5418088436126709,0.575,0.42,0.9869144632297228,0,0.0,0.5764683548609416,0.019375,0.019375,0.8184375,3.90625e-05,29376,2103552,51136,50762,0.013964950711938665
A3_2_s1234_b017073,C:\Users\donal\Documents\Atom-Experiment\runs\v2\A3_2_s1234_b017073,v2,A3,2,0.7381875,0.0,0.7381875,1.1173486184368433,0,1.1173486184368433,0.8521874938160181,0.8521874938160181,0.4237500005401671,0.9918750002980232,0.5021264031529427,1,0.6443784385919571,0.73865625,0.8604166666666667,0.9748748403224388,0,0.0,0.707317415078481,0.27187500000000003,0.27187500000000003,0.883125,0.000546875,29376,2103552,51136,50762,0.013964950711938665
A3_2_s5678_b017073,C:\Users\donal\Documents\Atom-Experiment\runs\v2\A3_2_s5678_b017073,v2,A3,2,0.7950625,0.0003125,0.79475,1.0567930154689478,0,1.0567930154689478,0.9653125032782555,0.9653125032782555,0.35218750312924385,0.9990625008940697,0.5007909871637821,1,0.6056251265108585,0.85384375,0.86375,0.9889078712884611,0,0.0,0.6296952001253763,0.2632291666666667,0.2629166666666667,0.9503125,0.0,29376,2103552,51136,50762,0.013964950711938665
A3_2_s9012_b017073,C:\Users\donal\Documents\Atom-Experiment\runs\v2\A3_2_s9012_b017073,v2,A3,2,0.633125,0.0030208333333333333,0.6301041666666667,1.416400139904137,0,1.416400139904137,0.2721874980488792,0.2721874980488792,0.5568750090897083,0.9940625056624413,0.49407242983579636,1,0.6350461840629578,0.31628125,0.3333333333333333,0.9704868434240286,0,0.0010416666666666669,0.699799185593923,0.5116666666666666,0.5086458333333332,0.8596875,0.0,29376,2103552,51136,50762,0.013964950711938665
A3b_0_s1234_b017073,C:\Users\donal\Documents\Atom-Experiment\runs\v2\A3b_0_s1234_b017073,v2,A3b,0,0.6098125,0.0005208333333333333,0.6092916666666667,1.164436265659705,0,1.164436265659705,0.9018750078976154,0.9018750078976154,0.0003124999930150807,0.9600000083446503,0.5173033177852631,1,0.7023498490452766,0.7151875,0.7711458333333333,0.9737142847803494,0,0.00010416666666666669,0.7609355282783508,0.0013541666666666667,0.0008333333333333334,0.8015625,3.90625e-05,29376,2103552,51136,50762,0.013964950711938665
A3b_0_s5678_b017073,C:\Users\donal\Documents\Atom-Experiment\runs\v2\A3b_0_s5678_b017073,v2,A3b,0,0.7046875,0.0,0.7046875,1.0632955000877722,0,1.0632955000877722,0.7634375002235174,0.7631250002305023,0.0012499999720603228,0.994375005364418,0.5373493395745754,1,0.6411803793162107,0.81140625,0.8721875,0.9861372888122846,0,0.0,0.642468052705129,0.0003125,0.0003125,0.8328125,0.0,29376,2103552,51136,50762,0.013964950711938665
A3b_0_s9012_b017073,C:\Users\donal\Documents\Atom-Experiment\runs\v2\A3b_0_s9012_b017073,v2,A3b,0,0.7383125,0.011041666666666667,0.7272708333333334,0.9524595483461533,0,0.9524595483461533,0.9243750050663948,0.9243750050663948,0.002187499951105565,0.9565625041723251,0.5199405755847692,1,0.6118183191865683,0.7625,0.6468229166666667,0.9766146584194385,0,0.0003125000000000003,0.6339023343722027,0.0022916666666666662,-0.00875,0.99375,0.0,29376,2103552,51136,50762,0.013964950711938665
A3b_1_s1234_b017073,C:\Users\donal\Documents\Atom-Experiment\runs\v2\A3b_1_s1234_b017073,v2,A3b,1,0.5451875,0.0,0.5451875,1.3604598546418885,0,1.3604598546418885,0.894687507301569,0.894687507301569,0.0018749999580904841,0.9959375038743019,0.4705324973911047,1,0.6849857345223427,0.6695625,0.765,0.9315406535259129,0,0.0,0.6957487289110821,0.0,0.0,0.753125,0.0001171875,29376,2103552,51136,50762,0.013964950711938665
A3b_1_s5678_b017073,C:\Users\donal\Documents\Atom-Experiment\runs\v2\A3b_1_s5678_b017073,v2,A3b,1,0.6071875,0.0003125,0.6068749999999999,1.1823348294052392,0,1.1823348294052392,0.8662500032223761,0.8662500032223761,0.0015624999650754035,0.9912500008940697,0.4838799349963665,1,0.5939441435039043,0.725,0.7025,0.9594482408346412,0,-0.00020833333333333332,0.7184306104977926,0.001979166666666667,0.0016666666666666668,0.9696875,0.0,29376,2103552,51136,50762,0.013964950711938665
A3b_1_s9012_b017073,C:\Users\donal\Documents\Atom-Experiment\runs\v2\A3b_1_s9012_b017073,v2,A3b,1,0.6534375,0.0,0.6534375,1.1989264701715636,0,1.1989264701715636,0.9856250062584877,0.9856250062584877,0.002812499937135726,0.9868750050663948,0.49022252671420574,1,0.6444411426782608,0.7710625,0.72796875,0.9684988202221524,0,0.0,0.7229826498031616,0.00020833333333333335,0.00020833333333333335,0.86375,0.0,29376,2103552,51136,50762,0.013964950711938665
A3b_2_s1234_b017073,C:\Users\donal\Documents\Atom-Experiment\runs\v2\A3b_2_s1234_b017073,v2,A3b,2,0.7825625,0.012604166666666666,0.7699583333333334,0.9680627818160665,0,0.9680627818160665,0.8512500035576522,0.8500000035855919,0.0018749999580904841,0.9959375038743019,0.4920128155499697,1,0.6927194725722075,0.6625,0.5625,0.9976274279083645,0,-0.0021875,0.7200574604670207,0.003541666666666667,-0.0090625,0.9953125,7.8125e-05,29376,2103552,51136,50762,0.013964950711938665
A3b_2_s5678_b017073,C:\Users\donal\Documents\Atom-Experiment\runs\v2\A3b_2_s5678_b017073,v2,A3b,2,0.80425,0.00020833333333333335,0.8040416666666667,0.9672433961282735,0,0.9672433961282735,0.9768749997019768,0.9768749997019768,0.0018749999580904841,0.9868749976158142,0.5043141022324562,1,0.6560632884502411,0.7499375,0.7083333333333334,0.9986440056978583,0,-0.00010416666666666667,0.7215815051396687,0.0014583333333333334,0.00125,0.97875,0.0,29376,2103552,51136,50762,0.013964950711938665
A3b_2_s9012_b017073,C:\Users\donal\Documents\Atom-Experiment\runs\v2\A3b_2_s9012_b017073,v2,A3b,2,0.8183125,0.035208333333333335,0.7831041666666667,0.8756414726835153,0,0.8756414726835153,0.9856250062584877,0.9856250062584877,0.0,0.9871875047683716,0.5150118265300989,1,0.633853891864419,0.875,0.8541666666666666,0.9997488523874632,0,-0.0009375000000000008,0.6484325424830119,0.00010416666666666667,-0.035104166666666665,0.9821875,0.0,29376,2103552,51136,50762,0.013964950711938665
A4_0_s1234_b017073,C:\Users\donal\Documents\Atom-Experiment\runs\v2\A4_0_s1234_b017073,v2,A4,0,0.0,0.0,0.0,,8,,0.0,0.0,0.0,0.0,0.3508273959159851,1,1.2370651364326477,0.2,0.0,0.9717760568011289,8,0.0,1.3614984353383381,0.0,0.0,0.0,0.0,29376,2103552,51136,50762,0.013964950711938665
A4_0_s5678_b017073,C:\Users\donal\Documents\Atom-Experiment\runs\v2\A4_0_s5678_b017073,v2,A4,0,0.0,0.0,0.0,,8,,0.0,0.0,0.0,0.0,0.34265199303627014,1,1.2407248094677925,0.2,0.0,0.9824588356740789,8,0.0,1.3776626491546633,0.0,0.0,0.0,0.0,29376,2103552,51136,50762,0.013964950711938665
A4_0_s9012_b017073,C:\Users\donal\Documents\Atom-Experiment\runs\v2\A4_0_s9012_b017073,v2,A4,0,0.0,0.0,0.0,,8,,0.0,0.0,0.0,0.0,0.32348179817199707,1,1.2317211776971817,0.2,0.0,0.976350712839815,8,0.0,1.3687983862559001,0.0,0.0,0.0,0.0,29376,2103552,51136,50762,0.013964950711938665
A4_1_s1234_b017073,C:\Users\donal\Documents\Atom-Experiment\runs\v2\A4_1_s1234_b017073,v2,A4,1,0.0,0.0,0.0,,8,,0.0,0.0,0.0,0.0,0.35286641120910645,1,1.2218661829829216,0.2,0.0,0.9160529115736529,8,0.0,1.3612465699513754,0.0,0.0,0.0,0.0,29376,2103552,51136,50762,0.013964950711938665
A4_1_s5678_b017073,C:\Users\donal\Documents\Atom-Experiment\runs\v2\A4_1_s5678_b017073,v2,A4,1,0.0,0.0,0.0,,8,,0.0,0.0,0.0,0.0,0.3505147285759449,1,1.2334446161985397,0.2,0.0,0.9814108567075308,8,0.0,1.3690367285410563,0.0,0.0,0.0,0.0,29376,2103552,51136,50762,0.013964950711938665
A4_1_s9012_b017073,C:\Users\donal\Documents\Atom-Experiment\runs\v2\A4_1_s9012_b017073,v2,A4,1,0.0,0.0,0.0,,8,,0.0,0.0,0.0,0.0,0.35543372854590416,1,1.2426852509379387,0.2,0.0,0.9938794021343986,8,0.0,1.3741633860270184,0.0,0.0,0.0,0.0,29376,2103552,51136,50762,0.013964950711938665
A4_2_s1234_b017073,C:\Users\donal\Documents\Atom-Experiment\runs\v2\A4_2_s1234_b017073,v2,A4,2,0.0,0.0,0.0,,8,,0.0,0.0,0.0,0.0,0.31975722685456276,1,1.2100154645740986,0.2,0.0,0.9842146465516535,8,0.0,1.3334509245554607,0.0,0.0,0.0,0.0,29376,2103552,51136,50762,0.013964950711938665
A4_2_s5678_b017073,C:\Users\donal\Documents\Atom-Experiment\runs\v2\A4_2_s5678_b017073,v2,A4,2,0.0,0.0,0.0,,8,,0.0,0.0,0.0,0.0,0.3458482138812542,1,1.2149113789200783,0.2,0.0,0.8413502091546553,8,0.0,1.3656788126627604,0.0,0.0,0.0,0.0,29376,2103552,51136,50762,0.013964950711938665
A4_2_s9012_b017073,C:\Users\donal\Documents\Atom-Experiment\runs\v2\A4_2_s9012_b017073,v2,A4,2,0.0,0.0,0.0,,8,,0.0,0.0,0.0,0.0,0.29545355029404163,1,1.196601651608944,0.2,0.0,0.8323835772928526,8,0.0,1.350358403523763,0.0,0.0,0.0,0.0,29376,2103552,51136,50762,0.013964950711938665
